<?xml version="1.0" encoding="UTF-8" standalone="yes"?>
<addon id="repository.meskman" name="Meskman_REpo" version="1.1" provider-name="meskmanz">
    <extension point="xbmc.addon.repository" name="Example Repository">
        <dir>
            <info compressed="false">https://raw.githubusercontent.com/meskmanz/repository.meskman/master/zips/addons.xml</info>
            <checksum>https://raw.githubusercontent.com/meskmanz/repository.meskman/master/zips/addons.xml.md5</checksum>
            <datadir zip="true">https://raw.githubusercontent.com/meskmanz/repository.meskman/master/zips/</datadir>
        </dir>
    </extension>
    <extension point="xbmc.addon.metadata">
        <summary>Meskman_REpo</summary>
        <description>DESCRIPTION OF YOUR REPO HERE</description>
        <disclaimer></disclaimer>
        <platform>all</platform>
        <assets>
            <icon>icon.png</icon>
            <fanart>fanart.jpg</fanart>
        </assets>
    </extension>
</addon>