<?xml version="1.0" encoding="UTF-8" standalone="yes"?>
<addon id="repository.meskman" name="Meskman_REpo" version="1.1" provider-name="meskmanz">
    <extension point="xbmc.addon.repository" name="Example Repository">
        <dir>
            <info compressed="false">https://raw.githubusercontent.com/meskmanz/repository.meskman/master/zips/addons.xml</info>
            <checksum>https://raw.githubusercontent.com/meskmanz/repository.meskman/master/zips/addons.xml.md5</checksum>
            <datadir zip="true">https://raw.githubusercontent.com/meskmanz/repository.meskman/master/zips/</datadir>
        </dir>
    </extension>
    <extension point="xbmc.addon.metadata">
        <summary lang="en">Meskman's Repository</summary>
        <summary lang="ru">Meskman Репозиторий</summary>
        <description lang="en">Here you can find Kodi addons made by https://github.com/meskmanz</description>
        <description lang="ru">Коди дополнения сделанные на  https://github.com/meskmanz</description>
        <disclaimer></disclaimer>
        <platform>all</platform>
        <assets>
            <icon>icon.png</icon>
            <fanart>fanart.jpg</fanart>
        </assets>
    </extension>
</addon>